id	operation	cause	status	code	requirement
PAY11-01	POST /payments/{order_id}/pay	new payable order	201	-	PAY/9
PAY11-02	GET /payments/order/{order_id}	existing payment	200	-	PAY/9
PAY11-03	POST /payments/{order_id}/pay	repeated nonterminal payment	200	-	PAY/9
PAY11-04	GET /payments/order/{order_id}	missing payment	404	payment_not_found	PAY/9
PAY11-05	POST /payments/{order_id}/pay	missing order	404	order_not_found	PAY/8
PAY11-06	POST /payments/{order_id}/pay	order not Created	409	order_not_payable	PAY/9
PAY11-07	POST /payments/{order_id}/pay	invalid Orders payload	502	order_invalid_response	PAY/8
PAY11-08	POST /payments/{order_id}/pay	Orders timeout	504	order_timeout	PAY/8
PAY11-09	POST /payments/{order_id}/pay	Orders transport outage	502	order_unavailable	PAY/8
PAY11-10	POST /payments/{order_id}/pay	failed payment retry	200	-	PAY/9
PAY11-11	POST /payments/{order_id}/pay	canceled payment retry	200	-	PAY/9
PAY11-12	POST /payments/{order_id}/pay	changed total on retry	409	order_total_changed	PAY/9
PAY11-13	POST /payments/{order_id}/pay x2	parallel first Pay	200,201	-	PAY/9
PAY11-14	POST /payments/invalid-uuid/pay	invalid path UUID	400	invalid_request	PAY/10
PAY11-15	POST /payments/{order_id}/pay	malformed JSON body	400	invalid_json	PAY/10
PAY11-16	POST /payments/{order_id}/pay	unsupported text/plain body	415	unsupported_media_type	PAY/10
PAY11-17	GET /unknown-route	unmatched route	404	route_not_found	PAY/10
PAY11-18	POST /health/live	wrong method	405	method_not_allowed	PAY/10
PAY11-19	GET /health/live	liveness	200	-	PAY/6
PAY11-20	GET /health/ready	MongoDB ready	200	-	PAY/6
PAY11-21	GET /health/ready	MongoDB unavailable	503	service_unavailable	PAY/6
PAY11-22	GET /health	compatibility liveness alias	200	-	PAY/6
PAY21-01	POST /payments/{order_id}/checkout	new checkout	200	-	STRIPE/1
PAY21-02	POST /payments/{order_id}/checkout	repeated checkout	200	-	STRIPE/1
PAY21-03	POST /payments/{order_id}/checkout	retry after ambiguous timeout	200	-	STRIPE/1
PAY21-04	POST /payments/{order_id}/checkout	disabled checkout	503	checkout_disabled	STRIPE/1
PAY21-05	POST /payments/{order_id}/checkout	order not Created	409	order_not_payable	STRIPE/1
PAY21-06	POST /payments/{order_id}/checkout	provider rejection	502	checkout_provider_error	STRIPE/1
PAY21-07	POST /payments/{order_id}/checkout	provider timeout	504	checkout_timeout	STRIPE/1
PAY21-08	POST /payments/{order_id}/checkout	missing order	404	order_not_found	STRIPE/1
PAY21-09	POST /payments/{order_id}/checkout	changed order money	409	order_total_changed	STRIPE/1
PAY22-01	POST /payments/webhooks/stripe	confirmed checkout	200	-	STRIPE/2
PAY22-02	POST /payments/webhooks/stripe	duplicate webhook	200	-	STRIPE/2
PAY22-03	POST /payments/webhooks/stripe	missing signature	400	webhook_invalid	STRIPE/2
PAY22-04	POST /payments/webhooks/stripe	tampered bytes	400	webhook_invalid	STRIPE/2
PAY22-05	POST /payments/webhooks/stripe	unknown event	200	-	STRIPE/2
PAY22-06	POST /payments/webhooks/stripe	mismatched money	200	-	STRIPE/2
PAY22-07	POST /payments/webhooks/stripe	expired checkout	200	-	STRIPE/2
PAY22-08	POST /payments/webhooks/stripe	expiry after success	200	-	STRIPE/2
PAY22-09	POST /payments/webhooks/stripe x2	concurrent duplicate	200,200	-	STRIPE/2
PAY22-10	POST /payments/webhooks/stripe	interrupted processing	503	webhook_retry	STRIPE/2
PAY22-11	POST /payments/webhooks/stripe	recover pending receipt	200	-	STRIPE/2
PAY22-12	POST /payments/webhooks/stripe	disabled verification	503	webhook_disabled	STRIPE/2
PAY22-13	POST /payments/webhooks/stripe	unsupported media	415	unsupported_media_type	STRIPE/2
PAY22-14	POST /payments/webhooks/stripe	oversized webhook	413	webhook_too_large	STRIPE/2
PAY22-15	POST /payments/webhooks/stripe	unpaid completion	200	-	STRIPE/2
PAY22-16	POST /payments/{order_id}/checkout	card and BLIK	200	-	STRIPE/2
